Bird,Year,Distance_Colony_AVG
WIWI,2007,810.480315
WIWI,2008,1149.070313
ORWI,2007,778.4714286
ORWI,2008,671.1747573
ORWI,2009,757.6666667
GEBL,2007,807.3960396
GEBL,2008,641.6132075
GEBL,2009,796.8017241
GROR,2007,1693.484848
GROR,2008,1234.56
ZWGE,2007,1451.507813
ZWGE,2008,1500.698
WIOR,2007,1379
WIOR,2008,999.02
WIGR,2007,508.124031
WIGR,2008,678.231
WIBL,2007,218.83
WIBL,2008,400.55
